"Tumor_Sample_Barcode","Frame_Shift_Del","Frame_Shift_Ins","In_Frame_Del","In_Frame_Ins","Missense_Mutation","Nonsense_Mutation","Nonstop_Mutation","Splice_Site","Translation_Start_Site","total"
"TCGA-AA-A010-01A-01D-A17O-10",23,18,1,1,5997,653,5,102,3,6803
"TCGA-AA-A010-01A-01W-A00E-09",22,19,1,0,5440,620,6,91,2,6201
"TCGA-AZ-4315-01A-01D-1408-10",8,26,0,0,4954,505,2,58,2,5555
"TCGA-AA-3984-01A-02D-1981-10",2,13,1,2,3849,472,5,48,0,4392
"TCGA-AA-3984-01A-02W-0995-10",2,14,0,0,3365,432,3,45,0,3861
"TCGA-AA-3977-01A-01D-1981-10",6,9,0,0,3177,437,2,43,4,3678
"TCGA-AA-3977-01A-01W-0995-10",5,6,0,0,2673,373,2,34,3,3096
"TCGA-CA-6718-01A-11D-1835-10",3,8,0,0,2474,433,2,27,4,2951
"TCGA-AZ-6598-01A-11D-1771-10",503,107,14,2,1442,59,1,37,0,2165
"TCGA-AA-3864-01A-01D-1981-10",87,25,5,0,1886,100,0,26,3,2132
"TCGA-A6-2686-01A-01D-1408-10",410,98,35,2,1282,82,0,27,1,1937
"TCGA-G4-6588-01A-11D-1771-10",351,79,17,0,1304,68,2,29,3,1853
"TCGA-AA-3492-01A-01D-1408-10",331,72,18,0,1343,62,2,16,3,1847
"TCGA-AA-3663-01A-01D-1719-10",335,66,9,0,1257,56,1,45,1,1770
"TCGA-5M-AAT6-01A-11D-A40P-10",368,41,6,0,1254,54,2,28,5,1758
"TCGA-G4-6628-01A-11D-1835-10",292,121,8,2,1231,72,1,29,1,1757
"TCGA-AZ-6601-01A-11D-1771-10",54,21,2,0,1500,80,0,28,3,1688
"TCGA-A6-5665-01A-01D-1650-10",272,153,11,4,1086,69,3,28,3,1629
"TCGA-AA-3672-01A-01W-0900-09",364,55,5,0,1079,63,0,30,4,1600
"TCGA-AD-6889-01A-11D-1924-10",317,93,16,0,1036,70,0,30,0,1562
"TCGA-F4-6570-01A-11D-1771-10",275,57,15,0,1077,59,0,30,1,1514
"TCGA-AD-6895-01A-11D-1924-10",152,53,18,0,1111,63,0,20,0,1417
"TCGA-AD-A5EJ-01A-11D-A28G-10",337,82,11,2,881,43,0,22,2,1380
"TCGA-AA-A022-01A-21D-A17O-10",274,61,12,0,932,51,0,22,0,1352
"TCGA-AD-6964-01A-11D-1924-10",179,65,9,0,1029,39,0,21,0,1342
"TCGA-CK-5916-01A-11D-1650-10",261,57,18,1,898,44,0,12,0,1291
"TCGA-CM-5861-01A-01D-1650-10",208,59,6,0,947,27,0,31,2,1280
"TCGA-AA-A022-01A-21W-A096-10",231,48,10,0,802,49,0,20,0,1160
"TCGA-CK-6746-01A-11D-1835-10",249,53,4,0,743,40,1,13,3,1106
"TCGA-A6-5661-01A-01D-1650-10",163,75,14,0,774,44,1,17,3,1091
"TCGA-AA-A02R-01A-01W-A00E-09",284,38,10,1,685,49,0,15,1,1083
"TCGA-CM-4743-01A-01D-1719-10",221,55,11,2,742,21,3,23,1,1079
"TCGA-CM-6171-01A-11D-1650-10",194,48,16,1,764,38,0,17,1,1079
"TCGA-A6-2672-01B-03D-2298-08",188,63,9,1,750,36,2,25,2,1076
"TCGA-G4-6586-01A-11D-1771-10",215,45,9,1,724,36,0,17,3,1050
"TCGA-AZ-4313-01A-01D-1408-10",149,26,9,0,767,45,0,9,0,1005
"TCGA-A6-6653-01A-11D-1771-10",182,46,8,1,709,31,0,17,0,994
"TCGA-AY-6197-01A-11D-1719-10",180,44,5,0,713,16,0,30,1,989
"TCGA-D5-6530-01A-11D-1719-10",233,58,11,1,618,40,0,13,1,975
"TCGA-AA-3713-01A-21D-1719-10",197,72,9,1,624,26,0,18,3,950
"TCGA-AZ-4615-01A-01D-1408-10",217,42,10,1,612,30,2,22,1,937
"TCGA-QG-A5Z2-01A-11D-A28G-10",184,29,9,0,652,41,1,16,0,932
"TCGA-AA-3845-01A-01D-1981-10",178,29,14,0,638,39,1,14,0,913
"TCGA-G4-6320-01A-11D-1719-10",125,24,9,1,706,33,1,12,2,913
"TCGA-AU-6004-01A-11D-1719-10",192,56,11,1,587,28,0,16,0,891
"TCGA-AA-3845-01A-01W-0995-10",156,24,15,0,578,35,1,14,0,823
"TCGA-AA-3815-01A-01W-0995-10",126,34,8,0,572,33,0,28,0,801
"TCGA-AA-A01P-01A-21D-A17O-10",163,32,10,3,553,25,0,14,0,800
"TCGA-G4-6304-01A-11D-1924-10",134,25,3,0,597,24,0,10,0,793
"TCGA-CM-6674-01A-11D-1835-10",160,39,15,0,536,35,1,6,0,792
"TCGA-CK-5913-01A-11D-1650-10",139,40,7,0,513,29,0,9,0,737
"TCGA-G4-6309-01A-21D-1835-10",131,55,10,0,507,29,0,5,0,737
"TCGA-CM-4746-01A-01D-1408-10",112,37,5,0,477,30,0,11,0,672
"TCGA-D5-6927-01A-21D-1924-10",126,36,5,0,418,22,0,16,1,624
"TCGA-AA-3833-01A-01W-0900-09",116,21,1,0,395,22,0,7,1,563
"TCGA-AA-A01P-01A-21W-A096-10",104,19,6,1,365,23,0,10,0,528
"TCGA-D5-6931-01A-11D-1924-10",2,4,0,0,227,12,0,3,1,249
"TCGA-DM-A1DA-01A-11D-A152-10",5,1,1,1,207,13,0,9,0,237
"TCGA-AD-6901-01A-11D-1924-10",6,2,1,1,182,10,0,5,0,207
"TCGA-DM-A28F-01A-11D-A16V-10",5,6,0,0,162,13,0,5,0,191
"TCGA-AZ-6599-01A-11D-1771-10",4,0,2,0,167,15,0,2,0,190
"TCGA-QL-A97D-01A-12D-A40P-10",10,1,0,0,166,11,0,1,0,189
"TCGA-CM-6168-01A-11D-1650-10",13,3,1,0,136,20,0,3,1,177
"TCGA-AA-3697-01A-01D-1719-10",8,3,0,0,134,14,0,7,0,166
"TCGA-CA-5254-01A-21D-1835-10",4,5,1,1,141,12,0,1,0,165
"TCGA-A6-5659-01A-01D-A270-10",3,1,2,0,143,12,0,1,0,162
"TCGA-AY-A69D-01A-11D-A36X-10",3,5,1,0,138,10,0,4,0,161
"TCGA-A6-5659-01A-01D-1650-10",3,1,2,0,136,12,0,1,0,155
"TCGA-D5-6531-01A-11D-1719-10",5,1,3,0,135,7,0,4,0,155
"TCGA-CM-5864-01A-01D-1650-10",3,0,1,0,135,11,0,1,0,151
"TCGA-DM-A0X9-01A-11D-A152-10",3,1,1,0,131,13,0,2,0,151
"TCGA-5M-AAT4-01A-11D-A40P-10",6,4,0,1,131,7,0,1,0,150
"TCGA-AA-3666-01A-02W-0900-09",3,1,0,0,133,9,0,3,1,150
"TCGA-AA-3502-01A-01D-1408-10",4,2,0,0,132,8,0,1,1,148
"TCGA-AA-3930-01A-01W-0995-10",3,3,0,1,128,10,0,3,0,148
"TCGA-A6-4107-01A-02D-1408-10",2,2,0,0,131,7,0,3,0,145
"TCGA-A6-6654-01A-21D-1835-10",3,3,1,1,130,5,0,0,0,143
"TCGA-AZ-4614-01A-01D-1408-10",4,3,2,0,124,6,0,3,1,143
"TCGA-A6-5659-01B-04D-A270-10",4,1,1,0,121,14,0,1,0,142
"TCGA-CK-6747-01A-11D-1835-10",30,2,23,0,75,8,0,3,0,141
"TCGA-T9-A92H-01A-11D-A36X-10",2,3,0,0,120,10,0,5,1,141
"TCGA-AA-A02O-01A-21W-A096-10",6,3,1,0,124,5,0,1,0,140
"TCGA-CM-5348-01A-21D-1719-10",5,0,0,0,124,8,0,3,0,140
"TCGA-DM-A1D4-01A-21D-A152-10",3,3,0,0,124,6,0,2,2,140
"TCGA-D5-6535-01A-11D-1719-10",0,1,2,0,121,9,0,3,1,137
"TCGA-A6-4105-01A-02D-1771-10",1,3,0,0,122,6,0,2,0,134
"TCGA-F4-6807-01A-11D-1835-10",1,0,2,0,118,9,1,3,0,134
"TCGA-QG-A5YV-01A-11D-A28G-10",5,4,0,0,117,4,0,2,0,132
"TCGA-SS-A7HO-01A-21D-A36X-10",4,3,0,0,111,12,0,2,0,132
"TCGA-DM-A0XD-01A-12D-A152-10",6,2,0,0,111,5,0,6,1,131
"TCGA-G4-6294-01A-11D-1806-10",3,0,0,0,109,14,0,5,0,131
"TCGA-AA-A02E-01A-01W-A00E-09",3,3,4,0,110,5,1,4,0,130
"TCGA-CM-5341-01A-01D-1408-10",5,0,0,0,111,11,0,3,0,130
"TCGA-G4-6299-01A-11D-1771-10",6,2,2,0,111,7,0,2,0,130
"TCGA-D5-6533-01A-11D-1719-10",4,0,1,0,111,11,1,0,0,128
"TCGA-A6-3810-01A-01D-A270-10",2,0,0,0,117,6,0,1,1,127
"TCGA-NH-A6GB-01A-11D-A36X-10",4,2,1,1,108,6,1,3,0,126
"TCGA-AA-3506-01A-01D-2188-10",4,2,0,0,108,7,0,3,0,124
"TCGA-DM-A1D8-01A-11D-A152-10",1,4,0,0,111,5,0,3,0,124
"TCGA-G4-6295-01A-11D-1719-10",3,1,2,0,106,6,0,4,0,122
"TCGA-AA-3664-01A-01W-0900-09",2,3,1,0,108,7,0,0,0,121
"TCGA-A6-2679-01A-02D-1408-10",4,2,0,0,104,8,0,2,0,120
"TCGA-AA-3967-01A-01W-1073-09",1,3,1,0,104,7,0,3,1,120
"TCGA-AZ-6608-01A-11D-1835-10",2,5,1,0,95,9,0,8,0,120
"TCGA-DM-A1HA-01A-11D-A152-10",3,3,0,0,103,9,0,2,0,120
"TCGA-QG-A5YW-01A-11D-A28G-10",3,1,1,0,98,11,0,6,0,120
"TCGA-AA-3979-01A-01W-0995-10",5,3,0,0,98,11,0,2,0,119
"TCGA-AY-A54L-01A-11D-A28G-10",7,3,1,0,95,9,0,4,0,119
"TCGA-CM-4744-01A-01D-1408-10",4,6,1,0,100,7,0,0,1,119
"TCGA-NH-A50V-01A-11D-A28G-10",2,2,1,0,102,12,0,0,0,119
"TCGA-G4-6315-01A-11D-1719-10",4,4,1,0,99,9,0,1,0,118
"TCGA-AA-3693-01A-01W-0900-09",2,0,1,0,105,7,0,1,0,116
"TCGA-A6-3808-01A-01W-0995-10",2,5,0,0,99,8,0,1,0,115
"TCGA-AA-A02K-01A-21W-A096-10",5,2,1,0,96,7,0,3,0,114
"TCGA-AZ-6600-01A-11D-1771-10",0,4,1,0,92,14,0,3,0,114
"TCGA-G4-6314-01A-11D-1719-10",2,1,0,0,100,10,0,1,0,114
"TCGA-AA-3818-01A-01W-0900-09",1,3,0,0,97,10,0,2,0,113
"TCGA-AA-3848-01A-01W-0900-09",0,2,2,0,102,6,0,0,1,113
"TCGA-D5-6538-01A-11D-1719-10",2,4,0,0,95,9,0,3,0,113
"TCGA-F4-6460-01A-11D-1771-10",1,1,0,0,102,8,0,1,0,113
"TCGA-AA-A01K-01A-01W-A00E-09",2,2,1,0,95,7,0,5,0,112
"TCGA-CK-5914-01A-11D-1650-10",2,1,2,0,100,6,0,1,0,112
"TCGA-F4-6461-01A-11D-1771-10",1,1,0,0,99,7,0,4,0,112
"TCGA-A6-2681-01A-01D-1408-10",1,1,0,0,104,5,0,0,0,111
"TCGA-D5-6924-01A-11D-1924-10",2,1,2,0,96,9,0,1,0,111
"TCGA-NH-A50T-01A-11D-A28G-10",1,3,0,0,96,9,0,2,0,111
"TCGA-A6-6782-01A-11D-1835-10",2,1,0,0,88,17,0,1,1,110
"TCGA-AA-3956-01A-02W-0995-10",2,5,0,0,96,5,0,2,0,110
"TCGA-CM-6677-01A-11D-1835-10",7,2,0,1,93,4,0,3,0,110
"TCGA-D5-6932-01A-11D-1924-10",6,0,0,0,95,6,2,1,0,110
"TCGA-G4-6311-01A-11D-1719-10",2,2,0,0,99,4,0,2,0,109
"TCGA-CM-6678-01A-11D-1835-10",2,4,0,1,88,10,0,3,0,108
"TCGA-G4-6317-02A-11D-2067-10",4,3,1,0,91,5,1,3,0,108
"TCGA-AA-3660-01A-01D-1719-10",3,1,3,1,87,11,0,1,0,107
"TCGA-AA-3855-01A-01W-0995-10",3,0,1,0,91,11,0,0,0,106
"TCGA-AA-3875-01A-01W-0900-09",1,2,1,0,90,11,0,1,0,106
"TCGA-AA-3955-01A-02W-0995-10",4,3,1,0,85,11,0,2,0,106
"TCGA-AA-3968-01A-01W-0995-10",1,2,0,0,86,9,0,8,0,106
"TCGA-DM-A1D9-01A-11D-A152-10",2,5,4,1,86,4,0,3,1,106
"TCGA-AA-3712-01A-21D-1719-10",0,1,0,0,93,4,0,6,0,104
"TCGA-F4-6459-01A-11D-1771-10",6,4,0,0,85,6,0,3,0,104
"TCGA-A6-2677-01A-01D-A270-10",4,1,1,0,90,7,0,0,0,103
"TCGA-F4-6808-01A-11D-1835-10",1,0,0,0,92,10,0,0,0,103
"TCGA-A6-5660-01A-01D-1650-10",3,2,2,1,87,5,0,2,0,102
"TCGA-DM-A28H-01A-11D-A16V-10",4,6,0,1,85,6,0,0,0,102
"TCGA-5M-AATE-01A-11D-A40P-10",0,2,0,0,93,6,0,0,0,101
"TCGA-AA-3982-01A-02W-0995-10",1,2,1,0,83,10,0,4,0,101
"TCGA-G4-6626-01A-11D-1771-10",1,0,3,0,89,7,0,1,0,101
"TCGA-AZ-6606-01A-11D-1835-10",4,2,0,0,82,11,0,1,0,100
"TCGA-DM-A0XF-01A-11D-A152-10",3,1,0,0,88,7,1,0,0,100
"TCGA-AA-3939-01A-01W-0995-10",2,1,1,0,83,12,0,0,0,99
"TCGA-CM-4752-01A-01D-1408-10",2,2,1,0,88,6,0,0,0,99
"TCGA-AA-3870-01A-01W-0995-10",1,3,0,0,88,6,0,0,0,98
"TCGA-AA-A02J-01A-01W-A00E-09",1,4,0,0,87,4,0,2,0,98
"TCGA-F4-6854-01A-11D-1924-10",2,3,1,0,83,8,0,1,0,98
"TCGA-AA-A02Y-01A-43W-A096-10",4,0,0,0,84,7,0,2,0,97
"TCGA-AA-3681-01A-01W-0900-09",1,1,1,0,88,4,0,1,0,96
"TCGA-AA-3844-01A-01W-0995-10",0,0,0,0,82,12,0,2,0,96
"TCGA-AD-6965-01A-11D-1924-10",4,2,0,0,79,7,0,4,0,96
"TCGA-AY-4071-01A-01W-1073-09",5,1,0,0,80,8,0,1,1,96
"TCGA-F4-6569-01A-11D-1771-10",3,3,2,0,76,10,0,2,0,96
"TCGA-A6-2677-01B-02D-A270-10",4,1,1,0,81,7,1,0,0,95
"TCGA-AA-3680-01A-01W-0900-09",9,1,0,0,75,8,0,2,0,95
"TCGA-AA-3941-01A-01W-0995-10",1,3,1,0,85,4,0,1,0,95
"TCGA-AA-3989-01A-01W-0995-10",4,2,0,0,82,4,0,2,1,95
"TCGA-AA-A01V-01A-23W-A096-10",3,3,0,1,80,7,0,1,0,95
"TCGA-CA-6719-01A-11D-1835-10",3,5,0,0,80,5,0,2,0,95
"TCGA-G4-6306-01A-11D-1771-10",3,0,2,0,81,8,1,0,0,95
"TCGA-AD-6548-01A-11D-1835-10",5,1,0,1,79,8,0,0,0,94
"TCGA-AA-3511-01A-21D-1835-10",2,0,1,0,78,10,0,2,0,93
"TCGA-DM-A28G-01A-11D-A16V-10",1,4,1,0,80,4,0,3,0,93
"TCGA-G4-6293-01A-11D-1719-10",3,2,3,0,79,5,0,1,0,93
"TCGA-AA-3812-01A-01W-0900-09",4,2,0,0,81,2,1,2,0,92
"TCGA-AA-3831-01A-01W-0900-09",3,4,0,0,79,5,1,0,0,92
"TCGA-AA-A01I-01A-02W-A00E-09",2,1,0,0,78,7,0,3,1,92
"TCGA-D5-6920-01A-11D-1924-10",6,1,0,1,74,8,0,1,1,92
"TCGA-A6-5657-01A-01D-1650-10",2,4,0,0,77,6,0,1,1,91
"TCGA-DM-A1D0-01A-11D-A152-10",3,2,1,0,77,4,0,3,0,90
"TCGA-A6-6649-01A-11D-1771-10",1,1,1,0,78,6,0,1,0,88
"TCGA-AA-3495-01A-01D-1408-10",4,2,1,0,71,8,0,2,0,88
"TCGA-AA-3866-01A-01W-0995-10",1,3,0,0,72,9,0,3,0,88
"TCGA-AY-6386-01A-21D-1719-10",3,5,0,0,63,12,0,5,0,88
"TCGA-CM-6169-01A-11D-1650-10",4,0,0,0,77,5,0,1,1,88
"TCGA-A6-2684-01A-01D-A270-10",1,3,0,0,78,3,0,2,0,87
"TCGA-AY-5543-01A-01D-1650-10",1,1,1,0,81,3,0,0,0,87
"TCGA-CK-4948-01B-11D-1650-10",1,0,1,0,73,10,0,2,0,87
"TCGA-D5-5538-01A-01D-1650-10",2,0,0,0,72,9,0,4,0,87
"TCGA-D5-6536-01A-11D-1719-10",3,3,0,0,76,4,0,1,0,87
"TCGA-D5-6537-01A-11D-1719-10",1,1,1,0,77,4,0,2,1,87
"TCGA-G4-6625-01A-21D-1771-10",2,3,0,0,73,8,0,1,0,87
"TCGA-NH-A8F8-01A-72D-A40P-10",3,1,0,0,71,9,0,3,0,87
"TCGA-AA-3861-01A-01W-0995-10",1,1,0,0,79,4,0,1,0,86
"TCGA-AD-6888-01A-11D-1924-10",2,1,2,0,69,11,0,1,0,86
"TCGA-AD-6890-01A-11D-1924-10",4,2,2,0,69,9,0,0,0,86
"TCGA-D5-6532-01A-11D-1719-10",4,0,0,0,74,7,0,1,0,86
"TCGA-DM-A28C-01A-11D-A16V-10",4,2,1,0,72,6,0,1,0,86
"TCGA-CM-5860-01A-01D-1650-10",4,0,0,0,71,6,0,4,0,85
"TCGA-CM-6165-01A-11D-1650-10",3,2,0,1,70,6,0,3,0,85
"TCGA-A6-6138-01A-11D-1771-10",2,2,1,0,74,3,0,2,0,84
"TCGA-AA-A01Z-01A-11W-A096-10",1,6,2,1,69,4,0,1,0,84
"TCGA-D5-6529-01A-11D-1771-10",2,1,0,0,72,7,1,0,0,83
"TCGA-D5-6922-01A-11D-1924-10",2,1,0,0,73,6,0,1,0,83
"TCGA-D5-6926-01A-11D-1924-10",1,0,0,0,75,4,0,3,0,83
"TCGA-AA-3867-01A-01W-0995-10",6,2,1,0,68,5,0,0,0,82
"TCGA-AU-3779-01A-01D-1719-10",0,0,0,0,75,6,0,1,0,82
"TCGA-D5-5540-01A-01D-1650-10",1,1,0,0,78,2,0,0,0,82
"TCGA-F4-6855-01A-11D-1924-10",1,1,0,0,62,10,0,7,0,81
"TCGA-G4-6310-01A-11D-1719-10",2,1,1,0,68,7,0,2,0,81
"TCGA-NH-A8F7-06A-31D-A40P-10",8,3,0,0,65,5,0,0,0,81
"TCGA-A6-3807-01A-01W-0995-10",1,1,0,0,69,6,1,2,0,80
"TCGA-AA-3980-01A-02W-0995-10",1,0,0,1,71,6,0,1,0,80
"TCGA-D5-6539-01A-11D-1719-10",2,1,1,0,70,4,0,1,1,80
"TCGA-F4-6806-01A-11D-1835-10",2,4,3,0,63,8,0,0,0,80
"TCGA-A6-5656-01A-21D-A270-10",1,1,2,0,70,4,0,1,0,79
"TCGA-AA-3489-01A-21D-1835-10",0,3,0,0,65,8,0,3,0,79
"TCGA-AA-3496-01A-21D-1835-10",5,7,0,0,63,4,0,0,0,79
"TCGA-A6-2684-01C-08D-A270-10",1,3,1,0,69,3,0,1,0,78
"TCGA-A6-5656-01A-21D-1835-10",1,1,2,0,69,4,0,1,0,78
"TCGA-AZ-5407-01A-01D-1719-10",0,0,1,0,67,8,0,2,0,78
"TCGA-CM-6163-01A-11D-1650-10",0,0,0,0,65,9,1,3,0,78
"TCGA-AA-3530-01A-01W-0995-10",2,1,1,0,66,6,0,1,0,77
"TCGA-AA-3814-01A-01W-0900-09",1,4,0,0,68,4,0,0,0,77
"TCGA-CM-6676-01A-11D-1835-10",1,2,0,0,64,8,0,2,0,77
"TCGA-D5-5537-01A-21D-1924-10",2,3,0,0,62,8,0,2,0,77
"TCGA-D5-6541-01A-11D-1719-10",2,2,2,0,66,5,0,0,0,77
"TCGA-G4-6317-01A-11D-1719-10",3,1,1,0,63,6,0,3,0,77
"TCGA-A6-A56B-01A-31D-A28G-10",4,2,0,0,64,6,0,0,0,76
"TCGA-AA-A01T-01A-21W-A096-10",1,2,1,0,65,5,0,2,0,76
"TCGA-CM-5349-01A-21D-1719-10",4,1,1,0,63,6,0,0,1,76
"TCGA-A6-5666-01A-01D-1650-10",2,2,0,0,67,4,0,0,0,75
"TCGA-AA-3494-01A-01D-1408-10",2,1,0,0,67,3,0,1,1,75
"TCGA-AA-3952-01A-01W-0995-10",5,2,2,0,55,6,0,3,1,74
"TCGA-AY-A71X-01A-12D-A36X-10",2,3,1,0,63,3,0,2,0,74
"TCGA-AA-3846-01A-01W-0995-10",2,0,0,0,62,6,0,3,0,73
"TCGA-AA-3851-01A-01W-0995-10",4,4,0,0,58,7,0,0,0,73
"TCGA-AA-3862-01A-01W-0995-10",0,0,0,0,68,3,0,2,0,73
"TCGA-CM-4751-01A-02D-1835-10",0,2,1,0,66,3,0,1,0,73
"TCGA-DM-A28M-01A-12D-A16V-10",3,1,1,0,62,4,0,2,0,73
"TCGA-QG-A5YX-01A-11D-A28G-10",7,4,0,0,58,3,0,1,0,73
"TCGA-4N-A93T-01A-11D-A36X-10",3,1,0,0,62,5,0,1,0,72
"TCGA-AA-3685-01A-02W-0900-09",1,4,0,0,56,8,0,3,0,72
"TCGA-G4-6303-01A-11D-1771-10",0,2,0,0,61,9,0,0,0,72
"TCGA-CM-6170-01A-11D-1650-10",1,1,1,0,62,5,0,1,0,71
"TCGA-G4-6627-01A-11D-2188-10",0,2,0,0,64,5,0,0,0,71
"TCGA-AA-3509-01A-01D-1408-10",2,0,2,0,59,6,0,1,0,70
"TCGA-AA-3675-01A-02W-0900-09",3,1,2,0,57,7,0,0,0,70
"TCGA-AA-3842-01A-01W-0995-10",1,0,1,0,62,4,0,2,0,70
"TCGA-AA-A00O-01A-02W-A00E-09",2,0,0,0,63,5,0,0,0,70
"TCGA-CM-6172-01A-11D-1650-10",1,1,0,0,61,7,0,0,0,70
"TCGA-DM-A28E-01A-11D-A16V-10",7,1,0,0,55,6,0,1,0,70
"TCGA-A6-A5ZU-01A-11D-A28G-10",3,0,1,0,60,4,0,1,0,69
"TCGA-AA-A029-01A-01W-A00E-09",5,1,0,1,55,5,0,2,0,69
"TCGA-AA-A02W-01A-01W-A00E-09",2,0,1,1,53,8,0,4,0,69
"TCGA-CM-6161-01A-11D-1650-10",1,1,0,0,62,4,0,1,0,69
"TCGA-CM-6680-01A-11D-1835-10",9,1,0,0,53,6,0,0,0,69
"TCGA-A6-2675-01A-02D-1719-10",2,1,0,0,61,4,0,0,0,68
"TCGA-A6-6651-01A-21D-1835-10",3,2,0,0,63,0,0,0,0,68
"TCGA-AA-3696-01A-01W-0900-09",2,1,0,0,58,3,0,4,0,68
"TCGA-AA-3972-01A-01W-0995-10",2,6,0,0,54,3,0,3,0,68
"TCGA-AZ-6605-01A-11D-1835-10",2,0,0,0,58,6,0,2,0,68
"TCGA-AZ-4681-01A-01D-1408-10",0,5,1,1,56,3,0,1,0,67
"TCGA-CA-6715-01A-21D-1835-10",2,0,1,0,56,4,0,4,0,67
"TCGA-CM-5868-01A-01D-1650-10",3,1,0,0,57,5,0,1,0,67
"TCGA-CM-6166-01A-11D-1650-10",1,2,0,0,59,2,0,3,0,67
"TCGA-G4-6297-01A-11D-1719-10",3,1,0,0,54,7,0,2,0,67
"TCGA-A6-6652-01A-11D-1771-10",6,0,0,0,56,4,0,0,0,66
"TCGA-AA-3655-01A-02D-1719-10",0,4,0,0,57,5,0,0,0,66
"TCGA-AA-3971-01A-01W-0995-10",1,2,0,0,56,6,0,1,0,66
"TCGA-AA-A03J-01A-21W-A096-10",0,0,0,0,58,4,0,4,0,66
"TCGA-A6-2682-01A-01D-1408-10",3,3,0,0,54,5,0,0,0,65
"TCGA-A6-6142-01A-11D-1771-10",5,0,0,0,54,4,0,2,0,65
"TCGA-AA-3986-01A-02W-0995-10",1,0,0,0,58,6,0,0,0,65
"TCGA-AA-A01C-01A-01W-A00E-09",3,2,1,0,55,3,0,1,0,65
"TCGA-CM-6167-01A-11D-1650-10",1,3,0,0,51,9,0,1,0,65
"TCGA-G4-6323-01A-11D-1719-10",1,2,0,0,50,10,0,2,0,65
"TCGA-NH-A6GA-01A-11D-A36X-10",2,1,0,0,53,8,0,0,1,65
"TCGA-AA-3662-01A-01D-1719-10",1,1,1,0,56,5,0,0,0,64
"TCGA-AZ-6603-01A-11D-1835-10",4,1,1,0,57,1,0,0,0,64
"TCGA-CM-4747-01A-01D-1408-10",2,1,1,0,54,4,0,2,0,64
"TCGA-CM-5862-01A-01D-1650-10",1,0,0,0,58,2,0,3,0,64
"TCGA-D5-6898-01A-11D-1924-10",0,4,0,1,51,5,1,2,0,64
"TCGA-AD-A5EK-01A-11D-A28G-10",0,1,1,0,57,4,0,0,0,63
"TCGA-CA-5256-01A-01D-1408-10",2,3,2,0,49,7,0,0,0,63
"TCGA-AA-3688-01A-01W-0900-09",1,1,0,0,52,7,0,1,0,62
"TCGA-AA-A02H-01A-01W-A00E-09",5,0,1,0,53,1,0,2,0,62
"TCGA-CK-5915-01A-11D-1650-10",0,4,0,0,51,5,0,2,0,62
"TCGA-G4-6298-01A-11D-1719-10",1,2,0,0,52,5,0,2,0,62
"TCGA-AA-3678-01A-01W-0900-09",2,2,1,0,52,2,0,2,0,61
"TCGA-AA-3673-01A-01W-0900-09",3,3,0,0,48,5,0,1,0,60
"TCGA-AA-A024-01A-02W-A00E-09",1,0,1,1,48,8,0,1,0,60
"TCGA-A6-2671-01A-01D-1408-10",6,1,2,0,48,2,0,0,0,59
"TCGA-AA-3667-01A-01W-0900-09",4,2,0,0,48,4,0,1,0,59
"TCGA-AA-3869-01A-01W-0995-10",2,0,0,0,49,5,0,3,0,59
"TCGA-AA-A004-01A-01W-A00E-09",3,0,2,0,50,1,1,1,1,59
"TCGA-CM-6164-01A-11D-1650-10",1,1,1,0,51,5,0,0,0,59
"TCGA-CM-6675-01A-11D-1835-10",5,1,0,0,52,1,0,0,0,59
"TCGA-5M-AAT5-01A-21D-A40P-10",1,1,1,0,48,7,0,0,0,58
"TCGA-AA-3841-01A-01W-0900-09",1,3,1,0,50,2,0,1,0,58
"TCGA-AZ-5403-01A-01D-1650-10",1,0,0,0,48,5,0,4,0,58
"TCGA-G4-6307-01A-11D-1719-10",0,0,0,1,53,3,0,0,0,57
"TCGA-5M-AATA-01A-31D-A40P-10",1,1,1,0,45,6,0,2,0,56
"TCGA-AA-A01X-01A-21W-A096-10",2,0,1,0,45,5,0,3,0,56
"TCGA-AY-A8YK-01A-11D-A40P-10",0,0,0,0,50,5,0,1,0,56
"TCGA-AD-6963-01A-11D-1924-10",2,1,0,0,49,3,0,0,0,55
"TCGA-F4-6805-01A-11D-1835-10",2,1,1,0,45,4,0,1,1,55
"TCGA-AA-3679-01A-02W-0900-09",3,1,0,0,44,5,0,1,0,54
"TCGA-AZ-4308-01A-01D-1408-10",0,0,0,0,46,6,0,2,0,54
"TCGA-CA-5797-01A-01D-1650-10",2,3,0,0,44,4,0,0,0,53
"TCGA-AA-3856-01A-01W-0900-09",3,2,0,0,41,5,0,1,0,52
"TCGA-AM-5820-01A-01D-1650-10",2,0,0,0,49,1,0,0,0,52
"TCGA-G4-6321-01A-11D-1719-10",1,0,0,0,47,4,0,0,0,52
"TCGA-D5-5541-01A-01D-1650-10",1,1,1,0,40,8,0,0,0,51
"TCGA-CM-6679-01A-11D-1835-10",1,1,0,0,44,2,0,2,0,50
"TCGA-A6-5662-01A-01D-1650-10",2,1,1,0,42,3,0,0,0,49
"TCGA-CK-5912-01A-11D-1650-10",3,2,1,1,40,1,0,0,0,48
"TCGA-DM-A1DB-01A-11D-A152-10",1,0,0,0,42,4,0,1,0,48
"TCGA-A6-5667-01A-21D-1719-10",0,1,2,0,42,2,0,0,0,47
"TCGA-AA-3858-01A-01W-0900-09",1,3,0,1,37,5,0,0,0,47
"TCGA-AA-A01S-01A-21W-A096-10",1,0,0,0,37,6,0,1,0,45
"TCGA-A6-A567-01A-31D-A28G-10",1,0,0,0,38,3,0,1,0,43
"TCGA-A6-5664-01A-21D-1835-10",1,0,0,0,33,6,0,1,0,41
"TCGA-AA-3860-01A-02W-0900-09",3,1,1,0,33,3,0,0,0,41
"TCGA-AA-A017-01A-01W-A00E-09",1,0,1,0,35,3,0,0,0,40
"TCGA-A6-2685-01A-01D-1408-10",0,0,0,0,36,3,0,0,0,39
"TCGA-CA-5255-01A-11D-1835-10",1,1,1,0,32,1,0,0,0,36
"TCGA-A6-2683-01A-01D-1953-10",0,0,0,0,25,2,0,2,0,29
"TCGA-AA-3514-01A-02D-1953-10",1,0,0,0,23,2,0,0,0,26
"TCGA-A6-2678-01A-01D-1953-10",0,0,0,0,21,1,0,0,0,22
"TCGA-AA-3534-01A-01D-1953-10",0,1,0,0,17,0,0,2,0,20
"TCGA-AA-3522-01A-01W-0831-10",0,0,0,0,17,1,0,0,0,18
"TCGA-AA-3532-01A-01D-1953-10",0,1,2,0,14,1,0,0,0,18
"TCGA-AA-3519-01A-02D-1953-10",0,0,0,0,17,0,0,0,0,17
"TCGA-AA-3520-01A-01D-1953-10",0,0,0,0,15,0,0,2,0,17
"TCGA-AA-3544-01A-01D-1953-10",1,1,0,0,15,0,0,0,0,17
"TCGA-AA-3548-01A-01D-1953-10",0,0,0,0,13,1,0,1,0,15
"TCGA-AA-3549-01A-02D-1953-10",0,0,0,0,14,0,0,1,0,15
"TCGA-AA-3561-01A-01D-1953-10",0,0,0,0,14,1,0,0,0,15
"TCGA-AA-3538-01A-01D-1953-10",2,0,1,0,11,0,0,0,0,14
"TCGA-AA-3521-01A-01D-1953-10",1,0,0,0,10,1,0,1,0,13
"TCGA-AA-3524-01A-02D-1953-10",1,0,0,0,12,0,0,0,0,13
"TCGA-AA-A00Z-01A-01D-A17O-10",1,0,0,0,9,0,0,0,0,10
"TCGA-AA-3517-01A-01D-1953-10",0,0,0,0,7,2,0,0,0,9
"TCGA-AA-3529-01A-02D-1953-10",0,0,0,0,8,1,0,0,0,9
